{
    "OKC": 1814.282368982159,
    "SAS": 1744.1902305184658,
    "DET": 1712.4628098564995,
    "BOS": 1700.168287628742,
    "NYK": 1657.6316543520875,
    "HOU": 1655.3223551714693,
    "DEN": 1638.759860030032,
    "CHO": 1602.1542698154653,
    "CLE": 1604.1245765694266,
    "MIN": 1578.0574495130638,
    "TOR": 1560.1155344328818,
    "ATL": 1560.5127976253702,
    "MIA": 1579.549964616141,
    "LAL": 1570.6408425112334,
    "PHO": 1515.2133804842217,
    "LAC": 1540.282710293897,
    "ORL": 1513.7987008660002,
    "PHI": 1546.3164903542036,
    "POR": 1528.7034156683126,
    "GSW": 1512.8492393766512,
    "NOP": 1373.0031537930993,
    "CHI": 1449.6546676043768,
    "DAL": 1375.7023923546305,
    "MEM": 1367.4760010151772,
    "MIL": 1392.022148633209,
    "IND": 1287.057577158878,
    "UTA": 1305.7097059776645,
    "SAC": 1262.9298001735524,
    "BRK": 1236.3760472083445,
    "WAS": 1203.830856070677
}