{
    "ATL": 1552.7030944610626,
    "BOS": 1622.8337755593275,
    "BRK": 1296.1175152250769,
    "CHO": 1577.9144844012562,
    "CHI": 1417.3787998130283,
    "CLE": 1606.5392203795186,
    "DAL": 1379.1299195969773,
    "DEN": 1600.728928592456,
    "DET": 1646.5811020476299,
    "GSW": 1471.9295610109377,
    "HOU": 1579.6898871302262,
    "IND": 1372.3326949792868,
    "LAC": 1552.6295380853476,
    "LAL": 1596.3500732914472,
    "MEM": 1332.949326343749,
    "MIA": 1501.555191417514,
    "MIL": 1413.6154577348332,
    "MIN": 1566.891557393854,
    "NOP": 1401.2302258765185,
    "NYK": 1568.2804304836302,
    "OKC": 1669.4814930619686,
    "ORL": 1503.6118150734576,
    "PHI": 1533.1068494702624,
    "PHO": 1549.4152463345592,
    "POR": 1522.508681661924,
    "SAC": 1341.70202522636,
    "SAS": 1664.145529026872,
    "TOR": 1548.0216116846664,
    "UTA": 1304.1522355812056,
    "WAS": 1306.4737290550465
}