{
    "ATL": 1599.2004677997497,
    "BOS": 1615.9523665767674,
    "BRK": 1313.4222167222886,
    "CHO": 1508.018219239231,
    "CHI": 1367.8643330451478,
    "CLE": 1580.288364290099,
    "DAL": 1345.0591946175093,
    "DEN": 1629.9673263553368,
    "DET": 1657.7607495672282,
    "GSW": 1445.4157081002397,
    "HOU": 1625.349093277022,
    "IND": 1322.8452072482596,
    "LAC": 1450.4273725630408,
    "LAL": 1653.9638868270497,
    "MEM": 1367.0844029083087,
    "MIA": 1558.7585878565171,
    "MIL": 1394.5316988875386,
    "MIN": 1574.2603395265164,
    "NOP": 1370.8120507053166,
    "NYK": 1610.768369721798,
    "OKC": 1726.0749314462878,
    "ORL": 1578.5720387781903,
    "PHI": 1511.4931228443818,
    "PHO": 1549.3539231634588,
    "POR": 1480.339072919054,
    "SAC": 1351.7839097671144,
    "SAS": 1660.8010029543316,
    "TOR": 1566.249911947529,
    "UTA": 1330.1870251414748,
    "WAS": 1253.3951052032123
}